Vehicle Number,Name,Mobile,Email
WB01AE8582,Zara Valen,9876543210,shouryabhattacharje@gmail.com
WB03AB1234,Orion Finch,8765432109,sagnikb35@gmail.com
WB07JK5302,Luna Evergreen,7654321098,priyashiroy88@gmail.com
WB08CD5678,Asher Wilde,6543210987,siddhanthkmr330@gmail.com
WB09EP7465,Seraphina Storm,9870123456,sneharghasaha2003@gmail.com
WB09IJ7890,Kellan Frost,8769012345,sneharghasaha07@gmail.com
WB10GD8787,Evie Moonstone,7658901234,rathul95@gmail.com
WB11XY5612,Jasper Wren,6547890123,sahiladgikary25@gmail.com
WB12BB0080,Elara Swift,9873456780,ahanasinha2003@gmail.com
WB12CA9056,Levi Blaze,8762345679,niladri.khan03@gmail.com
WB14DT3987,Isla Ember,7651234568,shouryabhattacharje@gmail.com
WB14GH4567,Atticus Orion,6540123457,sagnikb35@gmail.com
WB16GH4523,Lyra Solstice,9878901236,priyashiroy88@gmail.com
WB16PR2004,Eamon Dusk,8767890125,siddhanthkmr330@gmail.com
WB21AP4009,Freya Rain,7656789014,sneharghasaha2003@gmail.com
WB21BD6713,Silas Phoenix,6545678903,sneharghasaha07@gmail.com
WB21BU2222,Nova Skye,9874567892,rathul95@gmail.com
WB21CB5432,Thalia Winter,8763456781,sahiladgikary25@gmail.com
WB22BF6712,Caelum Midnight,7652345670,ahanasinha2003@gmail.com
WB22EF8901,Lila Frost,6541234569,niladri.khan03@gmail.com
WB23MW7835,Kai Serenity,9876789012,shouryabhattacharje@gmail.com
WB23YU8191,Rowan Tempest,8765678901,sagnikb35@gmail.com
WB24AB3222,Aria Mist,7654567890,priyashiroy88@gmail.com
WB25CD1423,Xander Shadow,6543456789,siddhanthkmr330@gmail.com
WB28AB1925,Mira Starlight,9878901234,sneharghasaha2003@gmail.com
WB28HJ1698,Atlas River,8767890123,sneharghasaha07@gmail.com
WB30VG6754,Zephyr Blue,7656789012,rathul95@gmail.com
WB31BE3001,Selene Twilight,6545678901,sahiladgikary25@gmail.com
WB31DE3561,Finnian Storm,9870123456,ahanasinha2003@gmail.com
WB33FG8209,Callista Frost,8769012345,niladri.khan03@gmail.com
WB33IU8912,Cassian Ember,7658901234,shouryabhattacharje@gmail.com
WB38AH9293,Elowen Aurora,6547890123,sagnikb35@gmail.com
WB41OC8530,Niko Thunder,9873456780,priyashiroy88@gmail.com
WB42KL8715,Soraya Solstice,8762345679,siddhanthkmr330@gmail.com
WB48AT6545,Rylan Gale,7651234568,sneharghasaha2003@gmail.com
WB49ER4521,Esme Celestia,6540123457,sneharghasaha07@gmail.com
WB51BA0991,Orion Frost,9878901236,rathul95@gmail.com
WB54AE4009,Zaina Nova,8767890125,sahiladgikary25@gmail.com
WB56DQ5676,Dante Wilder,7656789014,ahanasinha2003@gmail.com
WB60BW7123,Amara Willow,6545678903,niladri.khan03@gmail.com
WB60JB2023,Felix Zenith,9874567892,shouryabhattacharje@gmail.com
WB65AU8002,Calista Luna,8763456781,sagnikb35@gmail.com
WB66GH2921,Oberon Dusk,7652345670,priyashiroy88@gmail.com
WB69FU6969,Thalia Rain,6541234569,siddhanthkmr330@gmail.com
WB71TY5151,Kairos Haven,9876789012,sneharghasaha2003@gmail.com
WB76AU7878,Evadne Dael,8765678901,sneharghasaha07@gmail.com
WB77DB8779,Soren Skylark,7654567890,rathul95@gmail.com
WB77WE1235,Lyric Evergreen,6543456789,sahiladgikary25@gmail.com
WB78DR5625,Ellara Dawn,9878901234,ahanasinha2003@gmail.com
WB78DT6784,Atticus Sterling,8767890123,niladri.khan03@gmail.com
WB78MO6752,Seraphiel Star,7656789012,shouryabhattacharje@gmail.com
WB78SD2389,Kael Winter,6545678901,sagnikb35@gmail.com
WB78SE5678,Lysander Quill,9870123456,priyashiroy88@gmail.com
WB81CS3007,Isolde Moon,8769012345,siddhanthkmr330@gmail.com
WB90AA8767,Eirik Blaze,7658901234,sneharghasaha2003@gmail.com
WB90BU4917,Anara Zen,6547890123,sneharghasaha07@gmail.com
WB95BP5555,Orion Echo,9873456780,rathul95@gmail.com
WB88BQ6767,Alaric Ember,8762345679,sahiladgikary25@gmail.com
WB61VY2309,Luna Celestine,7651234568,ahanasinha2003@gmail.com
WB12BP2311,Icarus Frost,6540123457,niladri.khan03@gmail.com
WB10TY1029,Zephyra Lark,9878901236,shouryabhattacharje@gmail.com
WB76BJ9976,Nova Rayne,8767890125,sagnikb35@gmail.com
WB05CR5241,Thorne Skylar,7656789014,priyashiroy88@gmail.com
WB95BU4989,Calliope Vale,6545678903,siddhanthkmr330@gmail.com
WB39FR3434,Magnus Everhart,9874567892,sneharghasaha2003@gmail.com
WB71AE3262,Selena Ember,8763456781,sneharghasaha07@gmail.com
WB72CD4319,Finley Storm,7652345670,rathul95@gmail.com
WB95EA4644,Aurora Grey,6541234569,sahiladgikary25@gmail.com
WB48AT6591,Zara Solace,9876789012,ahanasinha2003@gmail.com
